episode,patient_file,reward,length,outcome,loss
1,7,7,unknown,n/a
1,7,7,unknown,n/a
1,C:\Users\michellexu\Pulse\engine\src\python\pulse\rl-hemorrhage-resuscitation\ich_env\..\configs\patient_configs\Patient0@0s.json,7,7,unknown,n/a
1,C:\Users\michellexu\Pulse\engine\src\python\pulse\rl-hemorrhage-resuscitation\ich_env\..\configs\patient_configs\Patient1@0s.json,-12.43905925454931,6,unknown,n/a
1,C:\Users\michellexu\Pulse\engine\src\python\pulse\rl-hemorrhage-resuscitation\ich_env\..\configs\patient_configs\Patient0@0s.json,-13.563134556574925,7,unknown,n/a
1,C:\Users\michellexu\Pulse\engine\src\python\pulse\rl-hemorrhage-resuscitation\ich_env\..\configs\patient_configs\Patient0@0s.json,-13.563134556574925,7,unknown,n/a
1,C:\Users\michellexu\Pulse\engine\src\python\pulse\rl-hemorrhage-resuscitation\ich_env\..\configs\patient_configs\Patient1@0s.json,-12.43905925454931,6,unknown,n/a
1,C:\Users\michellexu\Pulse\engine\src\python\pulse\rl-hemorrhage-resuscitation\ich_env\..\configs\patient_configs\Patient1@0s.json,-12.43905925454931,6,unknown,n/a
1,C:\Users\michellexu\Pulse\engine\src\python\pulse\rl-hemorrhage-resuscitation\ich_env\..\configs\patient_configs\Patient2@0s.json,-13.195173160173162,7,unknown,n/a
1,C:\Users\michellexu\Pulse\engine\src\python\pulse\rl-hemorrhage-resuscitation\ich_env\..\configs\patient_configs\Patient1@0s.json,-11.147781589479704,10,unknown,n/a
1,C:\Users\michellexu\Pulse\engine\src\python\pulse\rl-hemorrhage-resuscitation\ich_env\..\configs\patient_configs\Patient1@0s.json,-7.27,6,unknown,n/a
1,C:\Users\michellexu\Pulse\engine\src\python\pulse\rl-hemorrhage-resuscitation\ich_env\..\configs\patient_configs\Patient2@0s.json,8.73,6,unknown,n/a
1,C:\Users\michellexu\Pulse\engine\src\python\pulse\rl-hemorrhage-resuscitation\ich_env\..\configs\patient_configs\Patient0@0s.json,8.71063063063063,6,stabilization,n/a
1,C:\Users\michellexu\Pulse\engine\src\python\pulse\rl-hemorrhage-resuscitation\ich_env\..\configs\patient_configs\Patient1@0s.json,8.600712530712531,6,stabilization,n/a
1,C:\Users\michellexu\Pulse\engine\src\python\pulse\rl-hemorrhage-resuscitation\ich_env\..\configs\patient_configs\Patient0@0s.json,8.566515865323204,6,stabilization,n/a
1,C:\Users\michellexu\Pulse\engine\src\python\pulse\rl-hemorrhage-resuscitation\ich_env\..\configs\patient_configs\Patient1@0s.json,8.052210196625012,6,stabilization,n/a
1,C:\Users\michellexu\Pulse\engine\src\python\pulse\rl-hemorrhage-resuscitation\ich_env\..\configs\patient_configs\Patient0@0s.json,-12.571467889908256,6,death,n/a
1,C:\Users\michellexu\Pulse\engine\src\python\pulse\rl-hemorrhage-resuscitation\ich_env\..\configs\patient_configs\Patient2@0s.json,8.63123669123669,6,stabilization,n/a
1,C:\Users\michellexu\Pulse\engine\src\python\pulse\rl-hemorrhage-resuscitation\ich_env\..\configs\patient_configs\Patient2@0s.json,8.120006539908617,6,stabilization,n/a
1,C:\Users\michellexu\Pulse\engine\src\python\pulse\rl-hemorrhage-resuscitation\ich_env\..\configs\patient_configs\Patient2@0s.json,-12.930426958362737,7,death,n/a
1,C:\Users\michellexu\Pulse\engine\src\python\pulse\rl-hemorrhage-resuscitation\ich_env\..\configs\patient_configs\Patient1@0s.json,8.519821623124376,6,stabilization,n/a
1,C:\Users\michellexu\Pulse\engine\src\python\pulse\rl-hemorrhage-resuscitation\ich_env\..\configs\patient_configs\Patient2@0s.json,8.555549068668334,6,stabilization,n/a
2,C:\Users\michellexu\Pulse\engine\src\python\pulse\rl-hemorrhage-resuscitation\ich_env\..\configs\patient_configs\Patient2@0s.json,-11.758829489867226,9,death,n/a
3,C:\Users\michellexu\Pulse\engine\src\python\pulse\rl-hemorrhage-resuscitation\ich_env\..\configs\patient_configs\Patient2@0s.json,-12.930426958362737,7,death,n/a
4,C:\Users\michellexu\Pulse\engine\src\python\pulse\rl-hemorrhage-resuscitation\ich_env\..\configs\patient_configs\Patient2@0s.json,-13.260404984423676,6,death,n/a
5,C:\Users\michellexu\Pulse\engine\src\python\pulse\rl-hemorrhage-resuscitation\ich_env\..\configs\patient_configs\Patient2@0s.json,8.73,6,stabilization,n/a
1,C:\Users\michellexu\Pulse\engine\src\python\pulse\rl-hemorrhage-resuscitation\ich_env\..\configs\patient_configs\Patient2@0s.json,8.73,6,stabilization,n/a
1,C:\Users\michellexu\Pulse\engine\src\python\pulse\rl-hemorrhage-resuscitation\ich_env\..\configs\patient_configs\Patient1@0s.json,8.73,6,stabilization,n/a
2,C:\Users\michellexu\Pulse\engine\src\python\pulse\rl-hemorrhage-resuscitation\ich_env\..\configs\patient_configs\Patient0@0s.json,8.495075075075075,6,stabilization,n/a
3,C:\Users\michellexu\Pulse\engine\src\python\pulse\rl-hemorrhage-resuscitation\ich_env\..\configs\patient_configs\Patient0@0s.json,8.495075075075075,6,stabilization,n/a
4,C:\Users\michellexu\Pulse\engine\src\python\pulse\rl-hemorrhage-resuscitation\ich_env\..\configs\patient_configs\Patient0@0s.json,8.495075075075075,6,stabilization,n/a
1,C:\Users\michellexu\Pulse\engine\src\python\pulse\rl-hemorrhage-resuscitation\ich_env\..\configs\patient_configs\Patient1@0s.json,8.73,6,stabilization,n/a
2,C:\Users\michellexu\Pulse\engine\src\python\pulse\rl-hemorrhage-resuscitation\ich_env\..\configs\patient_configs\Patient2@0s.json,8.555549068668334,6,stabilization,n/a
3,C:\Users\michellexu\Pulse\engine\src\python\pulse\rl-hemorrhage-resuscitation\ich_env\..\configs\patient_configs\Patient1@0s.json,8.519821623124376,6,stabilization,n/a
4,C:\Users\michellexu\Pulse\engine\src\python\pulse\rl-hemorrhage-resuscitation\ich_env\..\configs\patient_configs\Patient1@0s.json,8.519821623124376,6,stabilization,n/a
1,C:\Users\michellexu\Pulse\engine\src\python\pulse\rl-hemorrhage-resuscitation\ich_env\..\configs\patient_configs\Patient2@0s.json,8.73,6,stabilization,n/a
2,C:\Users\michellexu\Pulse\engine\src\python\pulse\rl-hemorrhage-resuscitation\ich_env\..\configs\patient_configs\Patient1@0s.json,8.519821623124376,6,stabilization,n/a
3,C:\Users\michellexu\Pulse\engine\src\python\pulse\rl-hemorrhage-resuscitation\ich_env\..\configs\patient_configs\Patient1@0s.json,-11.152453886249223,11,death,n/a
4,C:\Users\michellexu\Pulse\engine\src\python\pulse\rl-hemorrhage-resuscitation\ich_env\..\configs\patient_configs\Patient1@0s.json,-11.781974661424204,8,death,n/a
5,C:\Users\michellexu\Pulse\engine\src\python\pulse\rl-hemorrhage-resuscitation\ich_env\..\configs\patient_configs\Patient2@0s.json,-12.74353561108278,8,death,n/a
6,C:\Users\michellexu\Pulse\engine\src\python\pulse\rl-hemorrhage-resuscitation\ich_env\..\configs\patient_configs\Patient1@0s.json,-12.43905925454931,6,death,n/a
7,C:\Users\michellexu\Pulse\engine\src\python\pulse\rl-hemorrhage-resuscitation\ich_env\..\configs\patient_configs\Patient0@0s.json,-13.217071651090343,6,death,n/a
8,C:\Users\michellexu\Pulse\engine\src\python\pulse\rl-hemorrhage-resuscitation\ich_env\..\configs\patient_configs\Patient1@0s.json,-13.662429906542055,6,death,n/a
9,C:\Users\michellexu\Pulse\engine\src\python\pulse\rl-hemorrhage-resuscitation\ich_env\..\configs\patient_configs\Patient0@0s.json,-13.794615384615383,6,death,n/a
10,C:\Users\michellexu\Pulse\engine\src\python\pulse\rl-hemorrhage-resuscitation\ich_env\..\configs\patient_configs\Patient1@0s.json,-14.297564102564102,6,death,n/a
11,C:\Users\michellexu\Pulse\engine\src\python\pulse\rl-hemorrhage-resuscitation\ich_env\..\configs\patient_configs\Patient0@0s.json,-14.128979591836735,6,death,n/a
12,C:\Users\michellexu\Pulse\engine\src\python\pulse\rl-hemorrhage-resuscitation\ich_env\..\configs\patient_configs\Patient2@0s.json,8.73,6,stabilization,n/a
13,C:\Users\michellexu\Pulse\engine\src\python\pulse\rl-hemorrhage-resuscitation\ich_env\..\configs\patient_configs\Patient0@0s.json,8.73,6,stabilization,n/a
14,C:\Users\michellexu\Pulse\engine\src\python\pulse\rl-hemorrhage-resuscitation\ich_env\..\configs\patient_configs\Patient1@0s.json,8.69,6,stabilization,n/a
15,C:\Users\michellexu\Pulse\engine\src\python\pulse\rl-hemorrhage-resuscitation\ich_env\..\configs\patient_configs\Patient0@0s.json,8.71063063063063,6,stabilization,n/a
16,C:\Users\michellexu\Pulse\engine\src\python\pulse\rl-hemorrhage-resuscitation\ich_env\..\configs\patient_configs\Patient2@0s.json,8.689115479115479,6,stabilization,n/a
17,C:\Users\michellexu\Pulse\engine\src\python\pulse\rl-hemorrhage-resuscitation\ich_env\..\configs\patient_configs\Patient2@0s.json,8.63123669123669,6,stabilization,n/a
18,C:\Users\michellexu\Pulse\engine\src\python\pulse\rl-hemorrhage-resuscitation\ich_env\..\configs\patient_configs\Patient1@0s.json,8.508306471609224,6,stabilization,n/a
19,C:\Users\michellexu\Pulse\engine\src\python\pulse\rl-hemorrhage-resuscitation\ich_env\..\configs\patient_configs\Patient2@0s.json,8.442276488331535,6,stabilization,n/a
20,C:\Users\michellexu\Pulse\engine\src\python\pulse\rl-hemorrhage-resuscitation\ich_env\..\configs\patient_configs\Patient1@0s.json,8.283920230629482,6,stabilization,n/a
21,C:\Users\michellexu\Pulse\engine\src\python\pulse\rl-hemorrhage-resuscitation\ich_env\..\configs\patient_configs\Patient0@0s.json,8.036197462375409,6,stabilization,n/a
22,C:\Users\michellexu\Pulse\engine\src\python\pulse\rl-hemorrhage-resuscitation\ich_env\..\configs\patient_configs\Patient0@0s.json,-10.856368819094412,12,death,n/a
1,C:\Users\michellexu\Pulse\engine\src\python\pulse\rl-hemorrhage-resuscitation\ich_env\..\configs\patient_configs\Patient2@0s.json,8.208198545125013,6,stabilization,n/a
2,C:\Users\michellexu\Pulse\engine\src\python\pulse\rl-hemorrhage-resuscitation\ich_env\..\configs\patient_configs\Patient0@0s.json,-10.856368819094412,12,death,n/a
1,C:\Users\michellexu\Pulse\engine\src\python\pulse\rl-hemorrhage-resuscitation\ich_env\..\configs\patient_configs\Patient0@0s.json,-8.520716153883145,15,death,n/a
1,C:\Users\michellexu\Pulse\engine\src\python\pulse\rl-hemorrhage-resuscitation\ich_env\..\configs\patient_configs\Patient2@0s.json,-13.842093625029404,8,death,n/a
2,C:\Users\michellexu\Pulse\engine\src\python\pulse\rl-hemorrhage-resuscitation\ich_env\..\configs\patient_configs\Patient0@0s.json,11.855,13,stabilization,n/a
3,C:\Users\michellexu\Pulse\engine\src\python\pulse\rl-hemorrhage-resuscitation\ich_env\..\configs\patient_configs\Patient2@0s.json,-15.693372508910963,13,death,n/a
4,C:\Users\michellexu\Pulse\engine\src\python\pulse\rl-hemorrhage-resuscitation\ich_env\..\configs\patient_configs\Patient1@0s.json,-15.814189378057304,13,death,n/a
5,C:\Users\michellexu\Pulse\engine\src\python\pulse\rl-hemorrhage-resuscitation\ich_env\..\configs\patient_configs\Patient0@0s.json,-16.999424360421543,21,death,n/a
1,C:\Users\michellexu\Pulse\engine\src\python\pulse\rl-hemorrhage-resuscitation\ich_env\..\configs\patient_configs\Patient0@0s.json,-16.999424360421543,21,death,n/a
2,C:\Users\michellexu\Pulse\engine\src\python\pulse\rl-hemorrhage-resuscitation\ich_env\..\configs\patient_configs\Patient2@0s.json,14.955000000000002,21,stabilization,n/a
1,C:\Users\michellexu\Pulse\engine\src\python\pulse\rl-hemorrhage-resuscitation\ich_env\..\configs\patient_configs\Patient0@0s.json,-11.255716153883144,18,death,n/a
2,C:\Users\michellexu\Pulse\engine\src\python\pulse\rl-hemorrhage-resuscitation\ich_env\..\configs\patient_configs\Patient0@0s.json,-16.42537466037466,13,death,n/a
3,C:\Users\michellexu\Pulse\engine\src\python\pulse\rl-hemorrhage-resuscitation\ich_env\..\configs\patient_configs\Patient0@0s.json,-16.045723270440252,8,death,n/a
1,C:\Users\michellexu\Pulse\engine\src\python\pulse\rl-hemorrhage-resuscitation\ich_env\..\configs\patient_configs\Patient1@0s.json,-10.200699705570116,18,death,n/a
2,C:\Users\michellexu\Pulse\engine\src\python\pulse\rl-hemorrhage-resuscitation\ich_env\..\configs\patient_configs\Patient1@0s.json,-16.86364132809087,13,death,n/a
3,C:\Users\michellexu\Pulse\engine\src\python\pulse\rl-hemorrhage-resuscitation\ich_env\..\configs\patient_configs\Patient2@0s.json,-15.150404984423677,8,death,n/a
4,C:\Users\michellexu\Pulse\engine\src\python\pulse\rl-hemorrhage-resuscitation\ich_env\..\configs\patient_configs\Patient1@0s.json,-15.973994621813672,21,death,n/a
1,C:\Users\michellexu\Pulse\engine\src\python\pulse\rl-hemorrhage-resuscitation\ich_env\..\configs\patient_configs\Patient0@0s.json,-11.255716153883144,18,death,n/a
2,C:\Users\michellexu\Pulse\engine\src\python\pulse\rl-hemorrhage-resuscitation\ich_env\..\configs\patient_configs\Patient1@0s.json,-16.86364132809087,13,death,n/a
3,C:\Users\michellexu\Pulse\engine\src\python\pulse\rl-hemorrhage-resuscitation\ich_env\..\configs\patient_configs\Patient0@0s.json,-16.045723270440252,8,death,n/a
1,C:\Users\michellexu\Pulse\engine\src\python\pulse\rl-hemorrhage-resuscitation\ich_env\..\configs\patient_configs\Patient2@0s.json,-8.749662315241878,18,death,n/a
2,C:\Users\michellexu\Pulse\engine\src\python\pulse\rl-hemorrhage-resuscitation\ich_env\..\configs\patient_configs\Patient2@0s.json,-16.20216282320056,13,death,n/a
3,C:\Users\michellexu\Pulse\engine\src\python\pulse\rl-hemorrhage-resuscitation\ich_env\..\configs\patient_configs\Patient0@0s.json,-16.045723270440252,8,death,n/a
1,C:\Users\michellexu\Pulse\engine\src\python\pulse\rl-hemorrhage-resuscitation\ich_env\..\configs\patient_configs\Patient0@0s.json,-14.55480122324159,8,death,n/a
1,C:\Users\michellexu\Pulse\engine\src\python\pulse\rl-hemorrhage-resuscitation\ich_env\..\configs\patient_configs\Patient0@0s.json,-14.55480122324159,8,death,n/a
1,C:\Users\michellexu\Pulse\engine\src\python\pulse\rl-hemorrhage-resuscitation\ich_env\..\configs\patient_configs\Patient0@0s.json,-11.51980122324159,5,death,n/a
1,C:\Users\michellexu\Pulse\engine\src\python\pulse\rl-hemorrhage-resuscitation\ich_env\..\configs\patient_configs\Patient0@0s.json,-7.609049487216478,14,death,n/a
2,C:\Users\michellexu\Pulse\engine\src\python\pulse\rl-hemorrhage-resuscitation\ich_env\..\configs\patient_configs\Patient2@0s.json,-10.84716282320056,8,death,n/a
3,C:\Users\michellexu\Pulse\engine\src\python\pulse\rl-hemorrhage-resuscitation\ich_env\..\configs\patient_configs\Patient2@0s.json,-12.018760291696072,6,death,n/a
4,C:\Users\michellexu\Pulse\engine\src\python\pulse\rl-hemorrhage-resuscitation\ich_env\..\configs\patient_configs\Patient2@0s.json,-12.315404984423676,5,death,n/a
1,C:\Users\michellexu\Pulse\engine\src\python\pulse\rl-hemorrhage-resuscitation\ich_env\..\configs\patient_configs\Patient1@0s.json,-7.3656997055701146,15,death,n/a
2,C:\Users\michellexu\Pulse\engine\src\python\pulse\rl-hemorrhage-resuscitation\ich_env\..\configs\patient_configs\Patient2@0s.json,-10.84716282320056,8,death,n/a
3,C:\Users\michellexu\Pulse\engine\src\python\pulse\rl-hemorrhage-resuscitation\ich_env\..\configs\patient_configs\Patient1@0s.json,-11.46739258788264,5,death,n/a
4,C:\Users\michellexu\Pulse\engine\src\python\pulse\rl-hemorrhage-resuscitation\ich_env\..\configs\patient_configs\Patient0@0s.json,-11.705723270440252,4,death,n/a
1,C:\Users\michellexu\Pulse\engine\src\python\pulse\rl-hemorrhage-resuscitation\ich_env\..\configs\patient_configs\Patient0@0s.json,13.355,18,stabilization,n/a
1,C:\Users\michellexu\Pulse\engine\src\python\pulse\rl-hemorrhage-resuscitation\ich_env\..\configs\patient_configs\Patient0@0s.json,13.355,18,stabilization,n/a
2,C:\Users\michellexu\Pulse\engine\src\python\pulse\rl-hemorrhage-resuscitation\ich_env\..\configs\patient_configs\Patient1@0s.json,11.871666666666666,13,stabilization,n/a
3,C:\Users\michellexu\Pulse\engine\src\python\pulse\rl-hemorrhage-resuscitation\ich_env\..\configs\patient_configs\Patient2@0s.json,-9.335598339466264,9,death,n/a
1,C:\Users\michellexu\Pulse\engine\src\python\pulse\rl-hemorrhage-resuscitation\ich_env\..\configs\patient_configs\Patient0@0s.json,13.355,18,stabilization,n/a
2,C:\Users\michellexu\Pulse\engine\src\python\pulse\rl-hemorrhage-resuscitation\ich_env\..\configs\patient_configs\Patient2@0s.json,11.86590909090909,13,stabilization,n/a
1,C:\Users\michellexu\Pulse\engine\src\python\pulse\rl-hemorrhage-resuscitation\ich_env\..\configs\patient_configs\Patient0@0s.json,13.355,18,stabilization,n/a
1,C:\Users\michellexu\Pulse\engine\src\python\pulse\rl-hemorrhage-resuscitation\ich_env\..\configs\patient_configs\Patient0@0s.json,13.355,18,stabilization,n/a
2,C:\Users\michellexu\Pulse\engine\src\python\pulse\rl-hemorrhage-resuscitation\ich_env\..\configs\patient_configs\Patient0@0s.json,11.855,13,stabilization,n/a
1,C:\Users\michellexu\Pulse\engine\src\python\pulse\rl-hemorrhage-resuscitation\ich_env\..\configs\patient_configs\Patient0@0s.json,13.355,18,stabilization,n/a
2,C:\Users\michellexu\Pulse\engine\src\python\pulse\rl-hemorrhage-resuscitation\ich_env\..\configs\patient_configs\Patient2@0s.json,11.86590909090909,13,stabilization,n/a
1,C:\Users\michellexu\Pulse\engine\src\python\pulse\rl-hemorrhage-resuscitation\ich_env\..\configs\patient_configs\Patient2@0s.json,13.41,18,stabilization,n/a
2,C:\Users\michellexu\Pulse\engine\src\python\pulse\rl-hemorrhage-resuscitation\ich_env\..\configs\patient_configs\Patient0@0s.json,11.855,13,stabilization,n/a
1,C:\Users\michellexu\Pulse\engine\src\python\pulse\rl-hemorrhage-resuscitation\ich_env\..\configs\patient_configs\Patient0@0s.json,13.355,18,stabilization,n/a
1,C:\Users\michellexu\Pulse\engine\src\python\pulse\rl-hemorrhage-resuscitation\ich_env\..\configs\patient_configs\Patient0@0s.json,13.355,18,stabilization,n/a
2,C:\Users\michellexu\Pulse\engine\src\python\pulse\rl-hemorrhage-resuscitation\ich_env\..\configs\patient_configs\Patient1@0s.json,11.871666666666666,13,stabilization,n/a
3,C:\Users\michellexu\Pulse\engine\src\python\pulse\rl-hemorrhage-resuscitation\ich_env\..\configs\patient_configs\Patient2@0s.json,-9.335598339466264,9,death,n/a
4,C:\Users\michellexu\Pulse\engine\src\python\pulse\rl-hemorrhage-resuscitation\ich_env\..\configs\patient_configs\Patient2@0s.json,-10.93887364208119,6,death,n/a
1,C:\Users\michellexu\Pulse\engine\src\python\pulse\rl-hemorrhage-resuscitation\ich_env\..\configs\patient_configs\Patient0@0s.json,13.355,18,stabilization,n/a
2,C:\Users\michellexu\Pulse\engine\src\python\pulse\rl-hemorrhage-resuscitation\ich_env\..\configs\patient_configs\Patient0@0s.json,11.855,13,stabilization,n/a
1,C:\Users\michellexu\Pulse\engine\src\python\pulse\rl-hemorrhage-resuscitation\ich_env\..\configs\patient_configs\Patient2@0s.json,13.41,18,stabilization,n/a
1,C:\Users\michellexu\Pulse\engine\src\python\pulse\rl-hemorrhage-resuscitation\ich_env\..\configs\patient_configs\Patient0@0s.json,13.355,18,stabilization,n/a
2,C:\Users\michellexu\Pulse\engine\src\python\pulse\rl-hemorrhage-resuscitation\ich_env\..\configs\patient_configs\Patient2@0s.json,11.86590909090909,13,stabilization,n/a
1,C:\Users\michellexu\Pulse\engine\src\python\pulse\rl-hemorrhage-resuscitation\ich_env\..\configs\patient_configs\Patient2@0s.json,-9.335598339466264,9,death,n/a
1,C:\Users\michellexu\Pulse\engine\src\python\pulse\rl-hemorrhage-resuscitation\ich_env\..\configs\patient_configs\Patient1@0s.json,-10.336114922813037,9,death,n/a
1,C:\Users\michellexu\Pulse\engine\src\python\pulse\rl-hemorrhage-resuscitation\ich_env\..\configs\patient_configs\Patient0@0s.json,-36.06350649350649,62,truncated,n/a
1,C:\Users\michellexu\Pulse\engine\src\python\pulse\rl-hemorrhage-resuscitation\ich_env\..\configs\patient_configs\Patient1@0s.json,-10.336114922813037,9,death,n/a
1,C:\Users\michellexu\Pulse\engine\src\python\pulse\rl-hemorrhage-resuscitation\ich_env\..\configs\patient_configs\Patient2@0s.json,-9.335598339466264,9,death,n/a
1,C:\Users\michellexu\Pulse\engine\src\python\pulse\rl-hemorrhage-resuscitation\ich_env\..\configs\patient_configs\Patient1@0s.json,-10.336114922813037,9,death,n/a
1,C:\Users\michellexu\Pulse\engine\src\python\pulse\rl-hemorrhage-resuscitation\ich_env\..\configs\patient_configs\Patient1@0s.json,-10.336114922813037,9,death,n/a
1,C:\Users\michellexu\Pulse\engine\src\python\pulse\rl-hemorrhage-resuscitation\ich_env\..\configs\patient_configs\Patient2@0s.json,-9.335598339466264,9,death,n/a
1,C:\Users\michellexu\Pulse\engine\src\python\pulse\rl-hemorrhage-resuscitation\ich_env\..\configs\patient_configs\Patient0@0s.json,-70.51729996774489,152,truncated,n/a
1,C:\Users\michellexu\Pulse\engine\src\python\pulse\rl-hemorrhage-resuscitation\ich_env\..\configs\patient_configs\Patient0@0s.json,-70.51729996774489,152,truncated,n/a
1,C:\Users\michellexu\Pulse\engine\src\python\pulse\rl-hemorrhage-resuscitation\ich_env\..\configs\patient_configs\Patient1@0s.json,-10.336114922813037,9,death,n/a
1,C:\Users\michellexu\Pulse\engine\src\python\pulse\rl-hemorrhage-resuscitation\ich_env\..\configs\patient_configs\Patient2@0s.json,-9.335598339466264,9,death,n/a
1,C:\Users\michellexu\Pulse\engine\src\python\pulse\rl-hemorrhage-resuscitation\ich_env\..\configs\patient_configs\Patient0@0s.json,-70.51729996774489,152,truncated,n/a
1,C:\Users\michellexu\Pulse\engine\src\python\pulse\rl-hemorrhage-resuscitation\ich_env\..\configs\patient_configs\Patient1@0s.json,-10.336114922813037,9,death,n/a
1,C:\Users\michellexu\Pulse\engine\src\python\pulse\rl-hemorrhage-resuscitation\ich_env\..\configs\patient_configs\Patient0@0s.json,-70.51729996774489,152,truncated,n/a
1,C:\Users\michellexu\Pulse\engine\src\python\pulse\rl-hemorrhage-resuscitation\ich_env\..\configs\patient_configs\Patient2@0s.json,-9.335598339466264,9,death,n/a
1,C:\Users\michellexu\Pulse\engine\src\python\pulse\rl-hemorrhage-resuscitation\ich_env\..\configs\patient_configs\Patient2@0s.json,-10.803829489867224,8,death,n/a
1,C:\Users\michellexu\Pulse\engine\src\python\pulse\rl-hemorrhage-resuscitation\ich_env\..\configs\patient_configs\Patient1@0s.json,11.915,13,stabilization,n/a
2,C:\Users\michellexu\Pulse\engine\src\python\pulse\rl-hemorrhage-resuscitation\ich_env\..\configs\patient_configs\Patient0@0s.json,-5.2339666344116225,152,truncated,n/a
1,C:\Users\michellexu\Pulse\engine\src\python\pulse\rl-hemorrhage-resuscitation\ich_env\..\configs\patient_configs\Patient1@0s.json,-34.328571428571436,152,truncated,n/a
2,C:\Users\michellexu\Pulse\engine\src\python\pulse\rl-hemorrhage-resuscitation\ich_env\..\configs\patient_configs\Patient1@0s.json,-10.336114922813037,9,death,n/a
1,C:\Users\michellexu\Pulse\engine\src\python\pulse\rl-hemorrhage-resuscitation\ich_env\..\configs\patient_configs\Patient2@0s.json,-48.241208982607034,152,truncated,n/a
1,C:\Users\michellexu\Pulse\engine\src\python\pulse\rl-hemorrhage-resuscitation\ich_env\..\configs\patient_configs\Patient0@0s.json,-45.6718004470636,152,truncated,n/a
1,C:\Users\michellexu\Pulse\engine\src\python\pulse\rl-hemorrhage-resuscitation\ich_env\..\configs\patient_configs\Patient0@0s.json,-45.6718004470636,152,truncated,n/a
1,C:\Users\michellexu\Pulse\engine\src\python\pulse\rl-hemorrhage-resuscitation\ich_env\..\configs\patient_configs\Patient0@0s.json,-10.815374660374662,7,death,n/a
2,C:\Users\michellexu\Pulse\engine\src\python\pulse\rl-hemorrhage-resuscitation\ich_env\..\configs\patient_configs\Patient1@0s.json,-11.46739258788264,5,death,n/a
1,./states/Soldier@0s.json,-11.729923960657906,8,death,n/a
1,./states/Soldier@0s.json,-11.444401136490736,5,death,n/a
1,./states/Soldier@0s.json,15.166539827813384,26,stabilization,n/a
1,./states/Soldier@0s.json,-11.655846725523485,8,death,n/a
2,./states/Soldier@0s.json,-12.676791798749399,5,death,n/a
1,./states/Soldier@0s.json,-8.20701629908551,16,death,n/a
1,./states/Soldier@0s.json,-11.657187568614198,8,death,n/a
1,./states/Soldier@0s.json,3.5935978573537577,27,not terminal,n/a
